1	faceVsControlGt5
2	controlVsFaceGt5
3	faceVsControlPeak1
4	faceVsControlPeak2
5	faceVsControlPeak3
6	faceVsControlPeak4
7	faceVsControlPeak5
8	faceVsControlPeak6
9	faceVsControlPeak7
10	faceVsControlPeak8
11	faceVsControlPeak9
12	faceVsControlPeak10
13	faceVsControlPeak11
14	faceVsControlPeak13
15	faceVsControlPeak17
16	faceVsControlPeak18
17	faceVsControlPeak19
18	faceVsControlPeak20
19	faceVsControlPeak21
20	faceVsControlPeak22
21	faceVsControlPeak23
22	faceVsControlPeak24
23	faceVsControlPeak25
24	faceVsControlPeak26
25	faceVsControlPeak27
26	faceVsControlPeak28
27	faceVsControlPeak29
28	faceVsControlPeak30
29	faceVsControlPeak31
30	faceVsControlPeak33
31	faceVsControlPeak34
32	faceVsControlPeak35
33	faceVsControlPeak37
34	faceVsControlPeak38
35	faceVsControlPeak39
36	faceVsControlPeak40
37	faceVsControlPeak41
38	faceVsControlPeak42
39	faceVsControlPeak44
40	faceVsControlPeak45
41	faceVsControlPeak46
42	faceVsControlPeak47
43	faceVsControlPeak48
44	faceVsControlPeak49
45	faceVsControlPeak50
46	faceVsControlPeak51
47	faceVsControlPeak52
48	faceVsControlPeak53
49	wmLoadVsControlGt5
50	controlVsWmLoadGt5
51	wmLoadVsControlPeak1
52	wmLoadVsControlPeak2
53	wmLoadVsControlPeak3
54	wmLoadVsControlPeak4
55	wmLoadVsControlPeak5
56	wmLoadVsControlPeak6
57	wmLoadVsControlPeak7
58	wmLoadVsControlPeak8
59	wmLoadVsControlPeak9
60	wmLoadVsControlPeak10
61	wmLoadVsControlPeak11
62	wmLoadVsControlPeak12
63	wmLoadVsControlPeak13
64	wmLoadVsControlPeak14
65	wmLoadVsControlPeak15
66	wmLoadVsControlPeak16
67	wmLoadVsControlPeak17
68	wmLoadVsControlPeak18
69	wmLoadVsControlPeak19
70	wmLoadVsControlPeak20
71	wmLoadVsControlPeak21
72	wmLoadVsControlPeak22
73	wmLoadVsControlPeak23
74	wmLoadVsControlPeak24
75	wmLoadVsControlPeak25
76	wmLoadVsControlPeak26
77	wmLoadVsControlPeak27
78	wmLoadVsControlPeak28
79	wmLoadVsControlPeak29
80	wmLoadVsControlPeak30
81	wmLoadVsControlPeak31
82	wmLoadVsControlPeak32
83	wmLoadVsControlPeak33
84	wmLoadVsControlPeak34
85	wmLoadVsControlPeak35
86	wmLoadVsControlPeak36
87	wmLoadVsControlPeak37
88	wmLoadVsControlPeak38
89	wmLoadVsControlPeak39
90	wmLoadVsControlPeak40
91	wmLoadVsControlPeak41
92	wmLoadVsControlPeak42
93	wmLoadVsControlPeak43
94	wmLoadVsControlPeak44
95	wmLoadVsControlPeak45
96	wmLoadVsControlPeak46
97	wmLoadVsControlPeak47
98	wmLoadVsControlPeak48
99	wmLoadVsControlPeak49
100	wmLoadVsControlPeak50
101	wmLoadVsControlPeak51
102	wmLoadVsControlPeak52
103	wmLoadVsControlPeak53
104	wmLoadVsControlPeak54
105	wmLoadVsControlPeak55
106	wmLoadVsControlPeak56
107	wmLoadVsControlPeak57
108	wmLoadVsControlPeak58
109	wmLoadVsControlPeak59
110	wmLoadVsControlPeak60
111	wmLoadVsControlPeak61
112	wmLoadVsControlPeak62
113	wmLoadVsControlPeak63
114	wmLoadVsControlPeak64
115	wmLoadVsControlPeak65
116	wmLoadVsControlPeak66
117	wmLoadVsControlPeak67
118	wmLoadVsControlPeak68
119	wmLoadVsControlPeak69
120	wmLoadVsControlPeak70
121	wmLoadVsControlPeak71
122	wmLoadVsControlPeak72
123	wmLoadVsControlPeak73
124	wmLoadVsControlPeak74
125	wmLoadVsControlPeak75
126	wmLoadVsControlPeak76
127	wmLoadVsControlPeak77
128	wmLoadVsControlPeak78
129	wmLoadVsControlPeak79
130	wmLoadVsControlPeak80
131	wmLoadVsControlPeak81
132	wmLoadVsControlPeak82
133	wmLoadVsControlPeak83
134	wmLoadVsControlPeak84
135	wmLoadVsControlPeak85
136	wmLoadVsControlPeak86
137	wmLoadVsControlPeak87
138	wmLoadVsControlPeak88
139	wmLoadVsControlPeak89
140	wmLoadVsControlPeak90
141	wmLoadVsControlPeak91
142	wmLoadVsControlPeak92
143	wmLoadVsControlPeak93
144	wmLoadVsControlPeak94
145	wmLoadVsControlPeak95
146	wmLoadVsControlPeak96
147	wmLoadVsControlPeak97
148	wmLoadVsControlPeak98
149	wmLoadVsControlPeak99
150	wmLoadVsControlPeak100
151	wmLoadVsControlPeak101
152	wmLoadVsControlPeak102
153	wmLoadVsControlPeak103
154	wmLoadVsControlPeak104
155	wmLoadVsControlPeak105
156	wmLoadVsControlPeak106
157	wmLoadVsControlPeak107
158	wmLoadVsControlPeak108
159	wmLoadVsControlPeak109
160	wmLoadVsControlPeak110
161	wmLoadVsControlPeak111
162	wmLoadVsControlPeak112
163	wmLoadVsControlPeak113
164	wmLoadVsControlPeak114
165	wmLoadVsControlPeak115
166	wmLoadVsControlPeak116
167	wmLoadVsControlPeak117
168	wmLoadVsControlPeak118
169	wmLoadVsControlPeak119
170	wmLoadVsControlPeak120
171	wmLoadVsControlPeak121
172	wmLoadVsControlPeak122
173	wmLoadVsControlPeak123
174	wmLoadVsControlPeak124
175	antGainVsAntControlGt5
176	antControlVsAntGainGt5
177	antGainVsAntControlPeak1
178	antGainVsAntControlPeak2
179	antGainVsAntControlPeak3
180	antGainVsAntControlPeak4
181	antGainVsAntControlPeak5
182	antGainVsAntControlPeak6
183	antGainVsAntControlPeak7
184	antGainVsAntControlPeak8
185	antGainVsAntControlPeak9
186	antGainVsAntControlPeak10
187	antGainVsAntControlPeak11
188	antGainVsAntControlPeak12
189	antGainVsAntControlPeak13
190	antGainVsAntControlPeak14
191	antGainVsAntControlPeak15
192	antGainVsAntControlPeak16
193	antGainVsAntControlPeak17
194	antGainVsAntControlPeak18
195	antGainVsAntControlPeak19
196	antGainVsAntControlPeak20
197	antGainVsAntControlPeak21
198	antGainVsAntControlPeak22
199	antGainVsAntControlPeak23
200	antGainVsAntControlPeak24
201	antGainVsAntControlPeak25
202	antGainVsAntControlPeak26
203	antGainVsAntControlPeak27
204	antGainVsAntControlPeak28
205	antGainVsAntControlPeak29
206	antGainVsAntControlPeak30
207	antGainVsAntControlPeak31
208	antGainVsAntControlPeak32
209	antGainVsAntControlPeak33
210	antGainVsAntControlPeak34
211	antGainVsAntControlPeak35
212	antGainVsAntControlPeak36
213	antGainVsAntControlPeak37
214	antGainVsAntControlPeak38
215	antGainVsAntControlPeak39
216	antGainVsAntControlPeak40
217	antGainVsAntControlPeak41
218	antGainVsAntControlPeak42
219	antGainVsAntControlPeak43
220	antGainVsAntControlPeak44
221	antGainVsAntControlPeak45
222	antGainVsAntControlPeak46
223	antGainVsAntControlPeak47
224	antGainVsAntControlPeak48
225	antGainVsAntControlPeak49
226	antGainVsAntControlPeak50
227	antGainVsAntControlPeak51
228	antGainVsAntControlPeak52
229	antGainVsAntControlPeak53
230	antGainVsAntControlPeak54
231	antGainVsAntControlPeak55
232	antGainVsAntControlPeak56
233	antGainVsAntControlPeak57
234	antGainVsAntControlPeak58
235	antGainVsAntControlPeak59
236	antGainVsAntControlPeak60
237	antGainVsAntControlPeak61
238	antGainVsAntControlPeak62
239	antGainVsAntControlPeak63
240	antGainVsAntControlPeak64
241	antGainVsAntControlPeak65
242	antGainVsAntControlPeak66
243	antGainVsAntControlPeak67
244	antGainVsAntControlPeak68
245	antGainVsAntControlPeak69
246	antGainVsAntControlPeak70
247	antGainVsAntControlPeak71
248	antGainVsAntControlPeak72
249	antGainVsAntControlPeak73
250	antGainVsAntControlPeak74
251	antGainVsAntControlPeak75
252	antGainVsAntControlPeak76
253	antGainVsAntControlPeak77
254	antGainVsAntControlPeak78
255	antGainVsAntControlPeak79
256	antGainVsAntControlPeak80
257	antGainVsAntControlPeak81
258	antGainVsAntControlPeak82
259	antGainVsAntControlPeak83
260	outGainVsOutNoGainGt5
261	outNoGainVsOutGainGt5
262	outGainVsOutNoGainPeak1
263	outGainVsOutNoGainPeak2
264	outGainVsOutNoGainPeak3
265	outGainVsOutNoGainPeak4
266	outGainVsOutNoGainPeak5
267	outGainVsOutNoGainPeak6
268	outGainVsOutNoGainPeak7
269	outGainVsOutNoGainPeak8
270	outGainVsOutNoGainPeak9
271	outGainVsOutNoGainPeak10
272	outGainVsOutNoGainPeak11
273	outGainVsOutNoGainPeak12
274	outGainVsOutNoGainPeak13
275	outGainVsOutNoGainPeak14
276	outGainVsOutNoGainPeak15
277	outGainVsOutNoGainPeak16
278	outGainVsOutNoGainPeak17
279	outGainVsOutNoGainPeak18
280	outGainVsOutNoGainPeak19
281	outGainVsOutNoGainPeak20
282	outGainVsOutNoGainPeak21
283	outGainVsOutNoGainPeak22
284	outGainVsOutNoGainPeak23
285	outGainVsOutNoGainPeak24
286	outGainVsOutNoGainPeak25
287	outGainVsOutNoGainPeak26
288	outGainVsOutNoGainPeak27
289	outGainVsOutNoGainPeak28
290	outGainVsOutNoGainPeak29
291	outGainVsOutNoGainPeak30
292	outGainVsOutNoGainPeak31
293	outGainVsOutNoGainPeak32
294	outGainVsOutNoGainPeak33
295	outGainVsOutNoGainPeak34
296	outGainVsOutNoGainPeak35
297	outGainVsOutNoGainPeak36
298	outGainVsOutNoGainPeak37
299	outGainVsOutNoGainPeak38
300	outGainVsOutNoGainPeak39
301	outGainVsOutNoGainPeak40
302	outGainVsOutNoGainPeak41
303	outGainVsOutNoGainPeak42
304	outGainVsOutNoGainPeak43
305	outGainVsOutNoGainPeak44
306	outGainVsOutNoGainPeak45
307	outGainVsOutNoGainPeak46
308	outGainVsOutNoGainPeak47
309	outGainVsOutNoGainPeak48
310	outGainVsOutNoGainPeak49
311	outGainVsOutNoGainPeak50
312	outGainVsOutNoGainPeak51
313	outGainVsOutNoGainPeak52
314	outGainVsOutNoGainPeak53
315	outGainVsOutNoGainMIDGt5
316	outNoGainMidVsOutGainGt5
317	outGainVsOutNoGainMIDPeak1
318	outGainVsOutNoGainMIDPeak2
319	outGainVsOutNoGainMIDPeak3
320	outGainVsOutNoGainMIDPeak4
321	outGainVsOutNoGainMIDPeak5
322	outGainVsOutNoGainMIDPeak6
323	outGainVsOutNoGainMIDPeak7
324	outGainVsOutNoGainMIDPeak8
325	outGainVsOutNoGainMIDPeak9
326	outGainVsOutNoGainMIDPeak10
327	outGainVsOutNoGainMIDPeak11
328	outGainVsOutNoGainMIDPeak12
329	outGainVsOutNoGainMIDPeak13
330	outGainVsOutNoGainMIDPeak14
331	outGainVsOutNoGainMIDPeak15
332	outGainVsOutNoGainMIDPeak16
333	outGainVsOutNoGainMIDPeak17
334	outGainVsOutNoGainMIDPeak18
335	outGainVsOutNoGainMIDPeak19
336	outGainVsOutNoGainMIDPeak20
337	outGainVsOutNoGainMIDPeak21
338	outGainVsOutNoGainMIDPeak22
339	outGainVsOutNoGainMIDPeak23
340	outGainVsOutNoGainMIDPeak24
341	outGainVsOutNoGainMIDPeak25
342	outGainVsOutNoGainMIDPeak27
343	outGainVsOutNoGainMIDPeak28
344	outGainVsOutNoGainMIDPeak29
345	outGainVsOutNoGainMIDPeak30
346	outGainVsOutNoGainMIDPeak31
347	outGainVsOutNoGainMIDPeak32
348	outGainVsOutNoGainMIDPeak33
349	outGainVsOutNoGainMIDPeak34
350	outGainVsOutNoGainMIDPeak35
351	outGainVsOutNoGainMIDPeak36
